CÃ³digo Provincia;CÃ³digo CantÃ³n;CÃ³digo Parroquia;Nombre de la Provincia;Nombre del CantÃ³n;Nombre de la Parroquia
01;01;50;AZUAY;CUENCA;CUENCA
02;01;50;BOLIVAR; GUARANDA; GUARANDA
03;01;50; CAÑAR;AZOGUES;AZOGUES
04;01;50;CARCHI; TULCAN; TULCAN
05;01;50; COTOPAXI;LATACUNGA;LATACUNGA
06;01;50;CHIMBORAZO;RIOBAMBA;RIOBAMBA
07;01;50;EL ORO;MACHALA;MACHALA
08;01;50;ESMERALDAS; ESMERALDAS;ESMERALDAS
09;01;50;GUAYAS; GUAYAQUIL;GUAYAQUIL
10;01;50;IMBABURA; IBARRA;SAN MIGUEL DE IBARRA
11;01;50;LOJA ; LOJA;LOJA
12;01;50;LOS RIOS;BABAHOYO;BABAHOYO
13;01;50;MANABI;PORTOVIEJO;PORTOVIEJO
14;01;50; MORONA SANTIAGO;MORONA;MACAS
15;01;50; NAPO;TENA;TENA
16;01;50; PASTAZA;PASTAZA;PUYO
17;01;50;PICHINCHA;QUITO;QUITO DISTRITO METROPOLITANO, CABECERA CANTONAL, CAPITAL PROVINCIAL Y DE LA REPUBLICA DEL ECUADOR
18;01;50;TUNGURAHUA;AMBATO;AMBATO
19;01;50; ZAMORA CHINCHIPE;ZAMORA;ZAMORA
20;01;50; GALAPAGOS; SAN CRISTOBAL;PUERTO BAQUERIZO MORENO
21;01;50;SUCUMBIOS; LAGO AGRIO;NUEVA LOJA
22;01;50; ORELLANA;ORELLANA;PUERTO FRANCISCO DE ORELLANA (EL COCA)
23;01;50;SANTO DOMINGO DE LOS TSACHILAS;SANTO DOMINGO;SANTO DOMINGO DE LOS COLORADOS
24;01;50;SANTA ELENA; SANTA ELENA;SANTA ELENA
01;02;50;AZUAY;GIRON;GIRON
02;02;50;BOLIVAR; CHILLANES; CHILLANES
03;02;50; CAÑAR; BIBLIAN; BIBLIAN
04;02;50;CARCHI; BOLIVAR; BOLIVAR
05;02;50; COTOPAXI;LA MANA;LA MANA
06;02;50;CHIMBORAZO;ALAUSI;ALAUSI
07;02;50;EL ORO;ARENILLAS;ARENILLAS
08;02;50;ESMERALDAS;ELOY ALFARO;VALDEZ (LIMONES)
09;02;50;GUAYAS;ALFREDO BAQUERIZO MORENO (JUJAN);ALFREDO BAQUERIZO MORENO (JUJAN)
10;02;50;IMBABURA;ANTONIO ANTE;ATUNTAQUI
11;02;50;LOJA ;CALVAS;CARIAMANGA
12;02;50;LOS RIOS;BABA;BABA
13;02;50;MANABI;BOLIVAR;CALCETA
14;02;50; MORONA SANTIAGO; GUALAQUIZA;GUALAQUIZA
16;02;50; PASTAZA;MERA;MERA
17;02;50;PICHINCHA;CAYAMBE;CAYAMBE
18;02;50;TUNGURAHUA;BAÑOS DE AGUA SANTA;BAÑOS DE AGUA SANTA
19;02;50; ZAMORA CHINCHIPE; CHINCHIPE;ZUMBA
20;02;50; GALAPAGOS; ISABELA;PUERTO VILLAMIL
21;02;50;SUCUMBIOS; GONZALO PIZARRO;LUMBAQUI
22;02;50; ORELLANA;AGUARICO;NUEVO ROCAFUERTE
24;02;50;SANTA ELENA; LA LIBERTAD;LA LIBERTAD
01;03;50;AZUAY;GUALACEO;GUALACEO
02;03;50;BOLIVAR; CHIMBO;SAN JOSE DE CHIMBO
03;03;50; CAÑAR;CAÑAR;CAÑAR
04;03;50;CARCHI; ESPEJO;EL ANGEL
05;03;50; COTOPAXI;PANGUA;EL CORAZON
06;03;50;CHIMBORAZO; COLTA;VILLA LA UNION (CAJABAMBA)
07;03;50;EL ORO;ATAHUALPA;PACCHA
08;03;50;ESMERALDAS;MUISNE;MUISNE
09;03;50;GUAYAS;BALAO;BALAO
10;03;50;IMBABURA;COTACACHI;COTACACHI
11;03;50;LOJA ;CATAMAYO;CATAMAYO (LA TOMA)
12;03;50;LOS RIOS; MONTALVO;MONTALVO
13;03;50;MANABI;CHONE;CHONE
14;03;50; MORONA SANTIAGO;LIMON INDANZA;GENERAL LEONIDAS PLAZA GUTIERREZ (LIMON)
15;03;50; NAPO;ARCHIDONA;ARCHIDONA
16;03;50; PASTAZA; SANTA CLARA;SANTA CLARA
17;03;50;PICHINCHA; MEJIA;MACHACHI
18;03;50;TUNGURAHUA; CEVALLOS;CEVALLOS
19;03;50; ZAMORA CHINCHIPE; NANGARITZA;GUAYZIMI
20;03;50; GALAPAGOS; SANTA CRUZ;PUERTO AYORA
21;03;50;SUCUMBIOS; PUTUMAYO;PUERTO EL CARMEN DEL PUTUMAYO
22;03;50; ORELLANA; LA JOYA DE LOS SACHAS;LA JOYA DE LOS SACHAS
24;03;50;SANTA ELENA;SALINAS;SALINAS
01;04;50;AZUAY; NABON; NABON
02;04;50;BOLIVAR; ECHEANDIA; ECHEANDIA
03;04;50; CAÑAR; LA TRONCAL; LA TRONCAL
04;04;50;CARCHI; MIRA;MIRA (CHONTAHUASI)
05;04;50; COTOPAXI; PUJILI;PUJILI
06;04;50;CHIMBORAZO;CHAMBO;CHAMBO
07;04;50;EL ORO;BALSAS;BALSAS
08;04;50;ESMERALDAS;QUININDE;ROSA ZARATE (QUININDE)
09;04;50;GUAYAS;BALZAR;BALZAR
10;04;50;IMBABURA;OTAVALO;OTAVALO
11;04;50;LOJA ;CELICA;CELICA
12;04;50;LOS RIOS;PUEBLOVIEJO;PUEBLOVIEJO
13;04;50;MANABI;EL CARMEN;EL CARMEN
14;04;50; MORONA SANTIAGO;PALORA;PALORA (METZERA)
15;04;50; NAPO;EL CHACO;EL CHACO
16;04;50; PASTAZA; ARAJUNO;ARAJUNO
17;04;50;PICHINCHA; PEDRO MONCAYO;TABACUNDO
18;04;50;TUNGURAHUA; MOCHA;MOCHA
19;04;50; ZAMORA CHINCHIPE; YACUAMBI;28 DE MAYO (SAN JOSE DE YACUAMBI)
21;04;50;SUCUMBIOS;SHUSHUFINDI;SHUSHUFINDI
22;04;50; ORELLANA; LORETO;LORETO
01;05;50;AZUAY;PAUTE;PAUTE
02;05;50;BOLIVAR;SAN MIGUEL;SAN MIGUEL
03;05;50; CAÑAR;EL TAMBO ;EL TAMBO 
04;05;50;CARCHI;MONTUFAR;SAN GABRIEL
05;05;50; COTOPAXI; SALCEDO;SAN MIGUEL
06;05;50;CHIMBORAZO;CHUNCHI;CHUNCHI
07;05;50;EL ORO;CHILLA;CHILLA
08;05;50;ESMERALDAS;SAN LORENZO;SAN LORENZO
09;05;50;GUAYAS;COLIMES;COLIMES
10;05;50;IMBABURA;PIMAMPIRO;PIMAMPIRO
11;05;50;LOJA ;CHAGUARPAMBA;CHAGUARPAMBA
12;05;50;LOS RIOS;QUEVEDO;QUEVEDO
13;05;50;MANABI; FLAVIO ALFARO;FLAVIO ALFARO
14;05;50; MORONA SANTIAGO;SANTIAGO;SANTIAGO DE MENDEZ
17;05;50;PICHINCHA;RUMIÑAHUI;SANGOLQUI
18;05;50;TUNGURAHUA; PATATE;PATATE
19;05;50; ZAMORA CHINCHIPE; YANTZAZA (YANZATZA);YANTZAZA (YANZATZA)
21;05;50;SUCUMBIOS; SUCUMBIOS;LA BONITA
01;06;50;AZUAY; PUCARA; PUCARA
02;06;50;BOLIVAR; CALUMA ; CALUMA 
03;06;50; CAÑAR; DELEG; DELEG
04;06;50;CARCHI; SAN PEDRO DE HUACA;HUACA
05;06;50; COTOPAXI;SAQUISILI;SAQUISILI, 
06;06;50;CHIMBORAZO;GUAMOTE;GUAMOTE
07;06;50;EL ORO;EL GUABO;EL GUABO
08;06;50;ESMERALDAS;ATACAMES;ATACAMES
09;06;50;GUAYAS;DAULE;DAULE
10;06;50;IMBABURA;SAN MIGUEL DE URCUQUI;URCUQUI
11;06;50;LOJA ; ESPINDOLA;AMALUZA
12;06;50;LOS RIOS;URDANETA;CATARAMA
13;06;50;MANABI; JIPIJAPA;JIPIJAPA
14;06;50; MORONA SANTIAGO;SUCUA;SUCUA
18;06;50;TUNGURAHUA; QUERO;QUERO
19;06;50; ZAMORA CHINCHIPE; EL PANGUI;EL PANGUI
21;06;50;SUCUMBIOS;CASCALES;EL DORADO DE CASCALES
01;07;50;AZUAY; SAN FERNANDO; SAN FERNANDO
02;07;50;BOLIVAR; LAS NAVES; LAS NAVES
03;07;50; CAÑAR;SUSCAL;SUSCAL
05;07;50; COTOPAXI;SIGCHOS;SIGCHOS
06;07;50;CHIMBORAZO;GUANO;GUANO
07;07;50;EL ORO;HUAQUILLAS;HUAQUILLAS
08;07;50;ESMERALDAS;RIOVERDE;RIOVERDE
09;07;50;GUAYAS;DURAN;ELOY ALFARO (DURAN)
11;07;50;LOJA ; GONZANAMA;GONZANAMA
12;07;50;LOS RIOS;VENTANAS;VENTANAS
13;07;50;MANABI;JUNIN;JUNIN
14;07;50; MORONA SANTIAGO; HUAMBOYA;HUAMBOYA
15;07;50; NAPO;QUIJOS;BAEZA
17;07;50;PICHINCHA; SAN MIGUEL DE LOS BANCOS;SAN MIGUEL DE LOS BANCOS 
18;07;50;TUNGURAHUA;SAN PEDRO DE PELILEO;PELILEO
19;07;50; ZAMORA CHINCHIPE; CENTINELA DEL CONDOR;ZUMBI
21;07;50;SUCUMBIOS;CUYABENO;TARAPOA 
01;08;50;AZUAY; SANTA ISABEL; SANTA ISABEL
06;08;50;CHIMBORAZO;PALLATANGA;PALLATANGA
07;08;50;EL ORO;MARCABELI;MARCABELI
08;08;50;ESMERALDAS;LA CONCORDIA;LA CONCORDIA
09;08;50;GUAYAS; EL EMPALME;VELASCO IBARRA (EL EMPALME)
11;08;50;LOJA ;MACARA;MACARA
12;08;50;LOS RIOS;VINCES;VINCES
13;08;50;MANABI; MANTA;MANTA
14;08;50; MORONA SANTIAGO;SAN JUAN BOSCO ;SAN JUAN BOSCO
17;08;50;PICHINCHA; PEDRO VICENTE MALDONADO;PEDRO VICENTE MALDONADO
18;08;50;TUNGURAHUA;SANTIAGO DE PILLARO;PILLARO
19;08;50; ZAMORA CHINCHIPE;PALANDA;PALANDA
01;09;50;AZUAY; SIGSIG; SIGSIG
06;09;50;CHIMBORAZO; PENIPE;PENIPE
07;09;50;EL ORO;PASAJE;PASAJE
09;09;50;GUAYAS;EL TRIUNFO;EL TRIUNFO
11;09;50;LOJA ;PALTAS;CATACOCHA
12;09;50;LOS RIOS;PALENQUE;PALENQUE
13;09;50;MANABI; MONTECRISTI   ;MONTECRISTI
14;09;50; MORONA SANTIAGO;TAISHA ;TAISHA
15;09;50; NAPO; CARLOS JULIO AROSEMENA TOLA;CARLOS JULIO AROSEMENA TOLA
17;09;50;PICHINCHA;PUERTO QUITO;PUERTO QUITO
18;09;50;TUNGURAHUA;TISALEO;TISALEO
19;09;50; ZAMORA CHINCHIPE;PAQUISHA ;PAQUISHA
01;10;50;AZUAY; OÑA;SAN FELIPE DE OÑA
06;10;50;CHIMBORAZO;CUMANDA;CUMANDA
07;10;50;EL ORO;PIÑAS;PIÑAS
09;10;50;GUAYAS; MILAGRO;MILAGRO
11;10;50;LOJA ; PUYANGO;ALAMOR
12;10;50;LOS RIOS;BUENA FE;SAN JACINTO DE BUENA FE
13;10;50;MANABI;PAJAN;PAJAN
14;10;50; MORONA SANTIAGO;LOGROÑO ;LOGROÑO
01;11;50;AZUAY;CHORDELEG;CHORDELEG
07;11;50;EL ORO;PORTOVELO;PORTOVELO
09;11;50;GUAYAS;NARANJAL;NARANJAL
11;11;50;LOJA ;SARAGURO;SARAGURO
12;11;50;LOS RIOS;VALENCIA;VALENCIA
13;11;50;MANABI; PICHINCHA;PICHINCHA
14;11;50; MORONA SANTIAGO;PABLO SEXTO;PABLO SEXTO
01;12;50;AZUAY; EL PAN; EL PAN
07;12;50;EL ORO;SANTA ROSA;SANTA ROSA
09;12;50;GUAYAS;NARANJITO;NARANJITO
11;12;50;LOJA ;SOZORANGA;SOZORANGA
12;12;50;LOS RIOS; MOCACHE;MOCACHE
13;12;50;MANABI;ROCAFUERTE;ROCAFUERTE
14;12;50; MORONA SANTIAGO;CANTON TIWINTZA;SANTIAGO
01;13;50;AZUAY; SEVILLA DE ORO; SEVILLA DE ORO
07;13;50;EL ORO;ZARUMA;ZARUMA
09;13;50;GUAYAS;PALESTINA;PALESTINA
11;13;50;LOJA ;ZAPOTILLO;ZAPOTILLO
12;13;50;LOS RIOS;QUINSALOMA;QUINSALOMA
13;13;50;MANABI;SANTA ANA;SANTA ANA DE VUELTA LARGA
01;14;50;AZUAY; GUACHAPALA; GUACHAPALA
07;14;50;EL ORO;LAS LAJAS;LA VICTORIA
09;14;50;GUAYAS;PEDRO CARBO;PEDRO CARBO
11;14;50;LOJA ; PINDAL;PINDAL
13;14;50;MANABI; SUCRE;BAHIA DE CARAQUEZ
01;15;50;AZUAY;CAMILO PONCE ENRIQUEZ;CAMILO PONCE ENRIQUEZ
11;15;50;LOJA ;QUILANGA;QUILANGA
13;15;50;MANABI; TOSAGUA;TOSAGUA
09;16;50;GUAYAS;SAMBORONDON;SAMBORONDON
11;16;50;LOJA ;OLMEDO;OLMEDO
13;16;50;MANABI;24 DE MAYO;SUCRE
13;17;50;MANABI; PEDERNALES;PEDERNALES
09;18;50;GUAYAS; SANTA LUCIA;SANTA LUCIA
13;18;50;MANABI;OLMEDO;OLMEDO
09;19;50;GUAYAS;SALITRE (URBINA JADO);EL SALITRE (LAS RAMAS)
13;19;50;MANABI;PUERTO LOPEZ;PUERTO LOPEZ
09;20;50;GUAYAS;SAN JACINTO DE YAGUACHI;SAN JACINTO DE YAGUACHI
13;20;50;MANABI; JAMA;JAMA
09;21;50;GUAYAS; PLAYAS;GENERAL VILLAMIL (PLAYAS)
13;21;50;MANABI; JARAMIJO;JARAMIJO
09;22;50;GUAYAS;SIMON BOLIVAR;SIMON BOLIVAR
13;22;50;MANABI;SAN VICENTE;SAN VICENTE
09;23;50;GUAYAS;CORONEL MARCELINO MARIDUEÑA;CORONEL MARCELINO MARIDUEÑA (SAN CARLOS)
09;24;50;GUAYAS;LOMAS DE SARGENTILLO;LOMAS DE SARGENTILLO
09;25;50;GUAYAS;NOBOL;NARCISA DE JESUS
09;27;50;GUAYAS;GENERAL ANTONIO ELIZALDE ;GENERAL ANTONIO ELIZALDE (BUCAY)
09;28;50;GUAYAS;ISIDRO AYORA ;ISIDRO AYORA
01;01;51;AZUAY;CUENCA;BAÑOS
02;01;51;BOLIVAR; GUARANDA;FACUNDO VELA
03;01;51; CAÑAR;AZOGUES;COJITAMBO
04;01;51;CARCHI; TULCAN;EL CARMELO (EL PUN) 
05;01;51; COTOPAXI;LATACUNGA;ALAQUES (ALAQUEZ) 
06;01;51;CHIMBORAZO;RIOBAMBA;CACHA (CAB. EN MACHANGARA) 
10;01;51;IMBABURA; IBARRA;AMBUQUI
11;01;51;LOJA ; LOJA;CHANTACO
13;01;51;MANABI;PORTOVIEJO;ABDON CALDERON (SAN FRANCISCO)
14;01;51; MORONA SANTIAGO;MORONA;ALSHI (CAB. EN 9 DE OCTUBRE)
15;01;51; NAPO;TENA;AHUANO
17;01;51;PICHINCHA;QUITO;ALANGASI
18;01;51;TUNGURAHUA;AMBATO;AMBATILLO
19;01;51; ZAMORA CHINCHIPE;ZAMORA;CUMBARATZA
20;01;51; GALAPAGOS; SAN CRISTOBAL;EL PROGRESO
22;01;51; ORELLANA;ORELLANA;DAYUMA
23;01;51;SANTO DOMINGO DE LOS TSACHILAS;SANTO DOMINGO;ALLURIQUIN
24;01;51;SANTA ELENA; SANTA ELENA;ATAHUALPA
90;01;51;ZONAS NO DELIMITADAS;ZONAS NO DELIMITADAS;LAS GOLONDRINAS
01;02;51;AZUAY;GIRON;ASUNCION
02;02;51;BOLIVAR; CHILLANES;SAN JOSE DEL TAMBO (TAMBOPAMBA)
03;02;51; CAÑAR; BIBLIAN;NAZON (CAB. EN PAMPA DE DOMINGUEZ)
04;02;51;CARCHI; BOLIVAR;GARCIA MORENO
05;02;51; COTOPAXI;LA MANA;GUASAGANDA (CAB.EN GUASAGANDA CENTRO)
06;02;51;CHIMBORAZO;ALAUSI;ACHUPALLAS
07;02;51;EL ORO;ARENILLAS;CHACRAS
08;02;51;ESMERALDAS;ELOY ALFARO;ANCHAYACU
10;02;51;IMBABURA;ANTONIO ANTE;IMBAYA (SAN LUIS DE COBUENDO) 
11;02;51;LOJA ;CALVAS;COLAISACA
12;02;51;LOS RIOS;BABA;GUARE
13;02;51;MANABI;BOLIVAR;MEMBRILLO
14;02;51; MORONA SANTIAGO; GUALAQUIZA;AMAZONAS (ROSARIO DE CUYES) 
16;02;51; PASTAZA;MERA;MADRE TIERRA
17;02;51;PICHINCHA;CAYAMBE;ASCAZUBI
18;02;51;TUNGURAHUA;BAÑOS DE AGUA SANTA;LLIGUA
19;02;51; ZAMORA CHINCHIPE; CHINCHIPE;CHITO
20;02;51; GALAPAGOS; ISABELA;TOMAS DE BERLANGA (SANTO TOMAS)
21;02;51;SUCUMBIOS; GONZALO PIZARRO;EL REVENTADOR   
22;02;51; ORELLANA;AGUARICO;CAPITAN AUGUSTO RIVADENEYRA
02;03;51;BOLIVAR; CHIMBO;ASUNCION (ASANCOTO) 
03;03;51; CAÑAR;CAÑAR;CHONTAMARCA
04;03;51;CARCHI; ESPEJO;EL GOALTAL
05;03;51; COTOPAXI;PANGUA;MORASPUNGO
06;03;51;CHIMBORAZO; COLTA;CAÑI
07;03;51;EL ORO;ATAHUALPA;AYAPAMBA
08;03;51;ESMERALDAS;MUISNE;BOLIVAR
10;03;51;IMBABURA;COTACACHI;APUELA
11;03;51;LOJA ;CATAMAYO;EL TAMBO
13;03;51;MANABI;CHONE;BOYACA
14;03;51; MORONA SANTIAGO;LIMON INDANZA;INDANZA
16;03;51; PASTAZA; SANTA CLARA;SAN JOSE
17;03;51;PICHINCHA; MEJIA;ALOAG
19;03;51; ZAMORA CHINCHIPE; NANGARITZA;ZURMI
20;03;51; GALAPAGOS; SANTA CRUZ;BELLAVISTA
21;03;51;SUCUMBIOS; PUTUMAYO;PALMA ROJA
22;03;51; ORELLANA; LA JOYA DE LOS SACHAS;ENOKANQUI 
24;03;51;SANTA ELENA;SALINAS;ANCONCITO
90;03;51;ZONAS NO DELIMITADAS;ZONAS NO DELIMITADAS;MANGA DEL CURA
01;04;51;AZUAY; NABON;COCHAPATA
03;04;51; CAÑAR; LA TRONCAL;MANUEL J. CALLE
04;04;51;CARCHI; MIRA;CONCEPCION
05;04;51; COTOPAXI; PUJILI;ANGAMARCA
07;04;51;EL ORO;BALSAS;BELLAMARIA
08;04;51;ESMERALDAS;QUININDE;CUBE
10;04;51;IMBABURA;OTAVALO;DR. MIGUEL EGAS CABEZAS (PEGUCHE) 
11;04;51;LOJA ;CELICA;CRUZPAMBA (CAB. EN CARLOS BUSTAMANTE)
12;04;51;LOS RIOS;PUEBLOVIEJO;PUERTO PECHICHE
13;04;51;MANABI;EL CARMEN;WILFRIDO LOOR MOREIRA (MAICITO)
14;04;51; MORONA SANTIAGO;PALORA;ARAPICOS
15;04;51; NAPO;EL CHACO;GONZALO DIAZ DE PINEDA (EL BOMBON) 
16;04;51; PASTAZA; ARAJUNO;CURARAY
17;04;51;PICHINCHA; PEDRO MONCAYO;LA ESPERANZA
18;04;51;TUNGURAHUA; MOCHA;PINGUILI
19;04;51; ZAMORA CHINCHIPE; YACUAMBI;LA PAZ
21;04;51;SUCUMBIOS;SHUSHUFINDI;LIMONCOCHA
22;04;51; ORELLANA; LORETO;AVILA (CAB. EN HUIRUNO) 
90;04;51;ZONAS NO DELIMITADAS;ZONAS NO DELIMITADAS;EL PIEDRERO
02;05;51;BOLIVAR;SAN MIGUEL;BALSAPAMBA
04;05;51;CARCHI;MONTUFAR;CRISTOBAL COLON
05;05;51; COTOPAXI; SALCEDO;ANTONIO JOSE HOLGUIN  (SANTA LUCIA)
06;05;51;CHIMBORAZO;CHUNCHI;CAPZOL
08;05;51;ESMERALDAS;SAN LORENZO;ALTO TAMBO (CAB. EN GUADUAL) 
09;05;51;GUAYAS;COLIMES;SAN JACINTO
10;05;51;IMBABURA;PIMAMPIRO;CHUGA
11;05;51;LOJA ;CHAGUARPAMBA;BUENAVISTA
13;05;51;MANABI; FLAVIO ALFARO;SAN FRANCISCO DE NOVILLO (CAB. EN  NOVILLO)
14;05;51; MORONA SANTIAGO;SANTIAGO;COPAL
17;05;51;PICHINCHA;RUMIÑAHUI;COTOGCHOA
18;05;51;TUNGURAHUA; PATATE;EL TRIUNFO
19;05;51; ZAMORA CHINCHIPE; YANTZAZA (YANZATZA);CHICAÑA
21;05;51;SUCUMBIOS; SUCUMBIOS;EL PLAYON DE SAN FRANCISCO
03;06;51; CAÑAR; DELEG;SOLANO
04;06;51;CARCHI; SAN PEDRO DE HUACA;MARISCAL SUCRE
05;06;51; COTOPAXI;SAQUISILI;CANCHAGUA
06;06;51;CHIMBORAZO;GUAMOTE;CEBADAS
07;06;51;EL ORO;EL GUABO;BARBONES (SUCRE) 
08;06;51;ESMERALDAS;ATACAMES;LA UNION
10;06;51;IMBABURA;SAN MIGUEL DE URCUQUI;CAHUASQUI
11;06;51;LOJA ; ESPINDOLA;BELLAVISTA
12;06;51;LOS RIOS;URDANETA;RICAURTE
13;06;51;MANABI; JIPIJAPA;AMERICA
14;06;51; MORONA SANTIAGO;SUCUA;ASUNCION
18;06;51;TUNGURAHUA; QUERO;RUMIPAMBA
19;06;51; ZAMORA CHINCHIPE; EL PANGUI;EL GUISME 
21;06;51;SUCUMBIOS;CASCALES;SANTA ROSA DE SUCUMBIOS
01;07;51;AZUAY; SAN FERNANDO;CHUMBLIN
05;07;51; COTOPAXI;SIGCHOS;CHUGCHILLAN
06;07;51;CHIMBORAZO;GUANO;GUANANDO
08;07;51;ESMERALDAS;RIOVERDE;CHONTADURO
11;07;51;LOJA ; GONZANAMA;CHANGAIMINA (LA LIBERTAD) 
14;07;51; MORONA SANTIAGO; HUAMBOYA;CHIGUAZA
15;07;51; NAPO;QUIJOS;COSANGA
17;07;51;PICHINCHA; SAN MIGUEL DE LOS BANCOS;MINDO
18;07;51;TUNGURAHUA;SAN PEDRO DE PELILEO;BENITEZ (PACHANLICA) 
21;07;51;SUCUMBIOS;CUYABENO;CUYABENO
01;08;51;AZUAY; SANTA ISABEL;ABDON CALDERON  (LA UNION) 
07;08;51;EL ORO;MARCABELI;EL INGENIO
09;08;51;GUAYAS; EL EMPALME;GUAYAS (PUEBLO NUEVO) 
11;08;51;LOJA ;MACARA;LARAMA
12;08;51;LOS RIOS;VINCES;ANTONIO SOTOMAYOR (CAB. EN PLAYAS DE VINCES) 
13;08;51;MANABI; MANTA;SAN LORENZO
14;08;51; MORONA SANTIAGO;SAN JUAN BOSCO ;PAN DE AZUCAR
18;08;51;TUNGURAHUA;SANTIAGO DE PILLARO;BAQUERIZO MORENO
19;08;51; ZAMORA CHINCHIPE;PALANDA;EL PORVENIR DEL CARMEN
01;09;51;AZUAY; SIGSIG;CUCHIL (CUTCHIL) 
06;09;51;CHIMBORAZO; PENIPE;EL ALTAR
07;09;51;EL ORO;PASAJE;BUENAVISTA
11;09;51;LOJA ;PALTAS;CANGONAMA
14;09;51; MORONA SANTIAGO;TAISHA ;HUASAGA (CAB. EN WAMPUIK) 
18;09;51;TUNGURAHUA;TISALEO;QUINCHICOTO
19;09;51; ZAMORA CHINCHIPE;PAQUISHA ;BELLAVISTA
01;10;51;AZUAY; OÑA;SUSUDEL
07;10;51;EL ORO;PIÑAS;CAPIRO (CAB. EN LA CAPILLA DE CAPIRO)
09;10;51;GUAYAS; MILAGRO;CHOBO
11;10;51;LOJA ; PUYANGO;CIANO
12;10;51;LOS RIOS;BUENA FE;PATRICIA PILAR
13;10;51;MANABI;PAJAN;CAMPOZANO (LA PALMA DE PAJAN)
14;10;51; MORONA SANTIAGO;LOGROÑO ;YAUPI
01;11;51;AZUAY;CHORDELEG;PRINCIPAL
07;11;51;EL ORO;PORTOVELO;CURTINCAPA
09;11;51;GUAYAS;NARANJAL;JESUS MARIA
11;11;51;LOJA ;SARAGURO;EL PARAISO DE CELEN
13;11;51;MANABI; PICHINCHA;BARRAGANETE 
07;12;51;EL ORO;SANTA ROSA;BELLAVISTA
11;12;51;LOJA ;SOZORANGA;NUEVA FATIMA
14;12;51; MORONA SANTIAGO;CANTON TIWINTZA;SAN JOSE DE MORONA
01;13;51;AZUAY; SEVILLA DE ORO;AMALUZA
07;13;51;EL ORO;ZARUMA;ABAÑIN
11;13;51;LOJA ;ZAPOTILLO;CAZADEROS (CAB.EN MANGAURCO) 
13;13;51;MANABI;SANTA ANA;AYACUCHO
07;14;51;EL ORO;LAS LAJAS;LA LIBERTAD
09;14;51;GUAYAS;PEDRO CARBO;VALLE DE LA VIRGEN 
11;14;51;LOJA ; PINDAL;CHAQUINAL
11;15;51;LOJA ;QUILANGA;FUNDOCHAMBA
13;15;51;MANABI; TOSAGUA;BACHILLERO
09;16;51;GUAYAS;SAMBORONDON;TARIFA
11;16;51;LOJA ;OLMEDO;LA TINGUE
13;16;51;MANABI;24 DE MAYO;BELLAVISTA
13;17;51;MANABI; PEDERNALES;COJIMIES
09;19;51;GUAYAS;SALITRE (URBINA JADO);GRAL. VERNAZA (DOS ESTEROS) 
13;19;51;MANABI;PUERTO LOPEZ;MACHALILLA
09;22;51;GUAYAS;SIMON BOLIVAR;CRNEL.LORENZO DE GARAICOA (PEDREGAL)
13;22;51;MANABI;SAN VICENTE;CANOA
01;01;52;AZUAY;CUENCA;CUMBE
05;01;52; COTOPAXI;LATACUNGA;BELISARIO QUEVEDO (GUANAILIN)
06;01;52;CHIMBORAZO;RIOBAMBA;CALPI
07;01;52;EL ORO;MACHALA;EL RETIRO
08;01;52;ESMERALDAS; ESMERALDAS;CAMARONES (CAB. EN SAN VICENTE) 
09;01;52;GUAYAS; GUAYAQUIL;JUAN GOMEZ RENDON (PROGRESO) 
10;01;52;IMBABURA; IBARRA;ANGOCHAGUA
11;01;52;LOJA ; LOJA;CHUQUIRIBAMBA
12;01;52;LOS RIOS;BABAHOYO;CARACOL
13;01;52;MANABI;PORTOVIEJO;ALHAJUELA (BAJO GRANDE) 
16;01;52; PASTAZA;PASTAZA;CANELOS
17;01;52;PICHINCHA;QUITO;AMAGUAÑA
18;01;52;TUNGURAHUA;AMBATO;ATAHUALPA (CHISALATA) 
19;01;52; ZAMORA CHINCHIPE;ZAMORA;GUADALUPE
20;01;52; GALAPAGOS; SAN CRISTOBAL;ISLA SANTA MARIA (FLOREANA) (CAB. EN  PTO. VELASCO IBARRA)
21;01;52;SUCUMBIOS; LAGO AGRIO;DURENO
22;01;52; ORELLANA;ORELLANA;TARACOA (CAB. EN NUEVA ESPERANZA: YUCA)
23;01;52;SANTO DOMINGO DE LOS TSACHILAS;SANTO DOMINGO;PUERTO LIMON
24;01;52;SANTA ELENA; SANTA ELENA;COLONCHE
01;02;52;AZUAY;GIRON;SAN GERARDO
03;02;52; CAÑAR; BIBLIAN;SAN FRANCISCO DE SAGEO
04;02;52;CARCHI; BOLIVAR;LOS ANDES
05;02;52; COTOPAXI;LA MANA;PUCAYACU
08;02;52;ESMERALDAS;ELOY ALFARO;ATAHUALPA (CAB. EN CAMARONES) 
10;02;52;IMBABURA;ANTONIO ANTE;SAN FRANCISCO DE NATABUELA
11;02;52;LOJA ;CALVAS;EL LUCERO
12;02;52;LOS RIOS;BABA;ISLA DE BEJUCAL
13;02;52;MANABI;BOLIVAR;QUIROGA
14;02;52; MORONA SANTIAGO; GUALAQUIZA;BERMEJOS
16;02;52; PASTAZA;MERA;SHELL
17;02;52;PICHINCHA;CAYAMBE;CANGAHUA 
18;02;52;TUNGURAHUA;BAÑOS DE AGUA SANTA;RIO NEGRO
19;02;52; ZAMORA CHINCHIPE; CHINCHIPE;EL CHORRO
21;02;52;SUCUMBIOS; GONZALO PIZARRO;GONZALO PIZARRO 
22;02;52; ORELLANA;AGUARICO;CONONACO
01;03;52;AZUAY;GUALACEO;DANIEL CORDOVA TORAL (EL ORIENTE) 
03;03;52; CAÑAR;CAÑAR;CHOROCOPTE
04;03;52;CARCHI; ESPEJO;LA LIBERTAD (ALIZO)
05;03;52; COTOPAXI;PANGUA;PINLLOPATA
06;03;52;CHIMBORAZO; COLTA;COLUMBE
07;03;52;EL ORO;ATAHUALPA;CORDONCILLO
08;03;52;ESMERALDAS;MUISNE;DAULE
10;03;52;IMBABURA;COTACACHI;GARCIA MORENO  (LLURIMAGUA) 
11;03;52;LOJA ;CATAMAYO;GUAYQUICHUMA
13;03;52;MANABI;CHONE;CANUTO
15;03;52; NAPO;ARCHIDONA;COTUNDO
17;03;52;PICHINCHA; MEJIA;ALOASI
19;03;52; ZAMORA CHINCHIPE; NANGARITZA;NUEVO PARAISO
20;03;52; GALAPAGOS; SANTA CRUZ;SANTA ROSA (INCLUYE LA ISLA BALTRA)
21;03;52;SUCUMBIOS; PUTUMAYO;PUERTO BOLIVAR (PUERTO MONTUFAR)
22;03;52; ORELLANA; LA JOYA DE LOS SACHAS;POMPEYA
24;03;52;SANTA ELENA;SALINAS;JOSE LUIS TAMAYO (MUEY)
01;04;52;AZUAY; NABON;EL PROGRESO (CAB.EN ZHOTA) 
03;04;52; CAÑAR; LA TRONCAL;PANCHO NEGRO
04;04;52;CARCHI; MIRA;JIJON Y CAAMAÑO (CAB. EN RIO BLANCO)
08;04;52;ESMERALDAS;QUININDE;CHURA (CHANCAMA) (CAB. EN EL YERBERO)
10;04;52;IMBABURA;OTAVALO;EUGENIO ESPEJO (CALPAQUI) 
12;04;52;LOS RIOS;PUEBLOVIEJO;SAN JUAN
13;04;52;MANABI;EL CARMEN;SAN PEDRO DE SUMA
14;04;52; MORONA SANTIAGO;PALORA;CUMANDA (CAB. EN COLONIA AGRICOLA SEVILLA DEL ORO)
15;04;52; NAPO;EL CHACO;LINARES
17;04;52;PICHINCHA; PEDRO MONCAYO;MALCHINGUI
19;04;52; ZAMORA CHINCHIPE; YACUAMBI;TUTUPALI
21;04;52;SUCUMBIOS;SHUSHUFINDI;PAÑACOCHA
22;04;52; ORELLANA; LORETO;PUERTO MURIALDO
01;05;52;AZUAY;PAUTE;BULAN (JOSE VICTOR IZQUIERDO) 
02;05;52;BOLIVAR;SAN MIGUEL;BILOVAN
04;05;52;CARCHI;MONTUFAR;CHITAN DE NAVARRETE
05;05;52; COTOPAXI; SALCEDO;CUSUBAMBA
06;05;52;CHIMBORAZO;CHUNCHI;COMPUD
08;05;52;ESMERALDAS;SAN LORENZO;ANCON (PICHANGAL) (CAB. EN PALMA REAL) 
10;05;52;IMBABURA;PIMAMPIRO;MARIANO ACOSTA
11;05;52;LOJA ;CHAGUARPAMBA;EL ROSARIO
13;05;52;MANABI; FLAVIO ALFARO;ZAPALLO
14;05;52; MORONA SANTIAGO;SANTIAGO;CHUPIANZA
17;05;52;PICHINCHA;RUMIÑAHUI;RUMIPAMBA
18;05;52;TUNGURAHUA; PATATE;LOS ANDES (CAB. EN POATUG) 
21;05;52;SUCUMBIOS; SUCUMBIOS;LA SOFIA
01;06;52;AZUAY; PUCARA;SAN RAFAEL DE SHARUG
05;06;52; COTOPAXI;SAQUISILI;CHANTILIN
06;06;52;CHIMBORAZO;GUAMOTE;PALMIRA
07;06;52;EL ORO;EL GUABO;LA IBERIA
08;06;52;ESMERALDAS;ATACAMES;SUA  (CAB. EN LA BOCANA) 
09;06;52;GUAYAS;DAULE;JUAN BAUTISTA AGUIRRE (LOS TINTOS) 
10;06;52;IMBABURA;SAN MIGUEL DE URCUQUI;LA MERCED DE BUENOS AIRES
11;06;52;LOJA ; ESPINDOLA;JIMBURA
13;06;52;MANABI; JIPIJAPA;EL ANEGADO (CAB. EN ELOY ALFARO)
14;06;52; MORONA SANTIAGO;SUCUA;HUAMBI
18;06;52;TUNGURAHUA; QUERO;YANAYACU - MOCHAPATA (CAB. EN YANAYACU) 
19;06;52; ZAMORA CHINCHIPE; EL PANGUI;PACHICUTZA
21;06;52;SUCUMBIOS;CASCALES;SEVILLA
05;07;52; COTOPAXI;SIGCHOS;ISINLIVI
06;07;52;CHIMBORAZO;GUANO;ILAPO
08;07;52;ESMERALDAS;RIOVERDE;CHUMUNDE 
12;07;52;LOS RIOS;VENTANAS;ZAPOTAL
15;07;52; NAPO;QUIJOS;CUYUJA
18;07;52;TUNGURAHUA;SAN PEDRO DE PELILEO;BOLIVAR
21;07;52;SUCUMBIOS;CUYABENO;AGUAS NEGRAS
01;08;52;AZUAY; SANTA ISABEL;EL CARMEN DE PIJILI
09;08;52;GUAYAS; EL EMPALME;EL ROSARIO
11;08;52;LOJA ;MACARA;LA VICTORIA
13;08;52;MANABI; MANTA;SANTA MARIANITA (BOCA DE PACOCHE)
14;08;52; MORONA SANTIAGO;SAN JUAN BOSCO ;SAN CARLOS DE LIMON  
18;08;52;TUNGURAHUA;SANTIAGO DE PILLARO;EMILIO MARIA TERAN (RUMIPAMBA)
19;08;52; ZAMORA CHINCHIPE;PALANDA;SAN FRANCISCO DEL VERGEL
01;09;52;AZUAY; SIGSIG;JIMA (GIMA)
06;09;52;CHIMBORAZO; PENIPE;MATUS
07;09;52;EL ORO;PASAJE;CASACAY
11;09;52;LOJA ;PALTAS;GUACHANAMA
13;09;52;MANABI; MONTECRISTI   ;LA PILA
14;09;52; MORONA SANTIAGO;TAISHA ;MACUMA  
19;09;52; ZAMORA CHINCHIPE;PAQUISHA ;NUEVO QUITO
07;10;52;EL ORO;PIÑAS;LA BOCANA
11;10;52;LOJA ; PUYANGO;EL ARENAL
13;10;52;MANABI;PAJAN;CASCOL
14;10;52; MORONA SANTIAGO;LOGROÑO ;SHIMPIS
01;11;52;AZUAY;CHORDELEG;LA UNION
07;11;52;EL ORO;PORTOVELO;MORALES
09;11;52;GUAYAS;NARANJAL;SAN CARLOS
11;11;52;LOJA ;SARAGURO;EL TABLON  
13;11;52;MANABI; PICHINCHA;SAN SEBASTIAN
07;12;52;EL ORO;SANTA ROSA;JAMBELI
11;12;52;LOJA ;SOZORANGA;TACAMOROS
01;13;52;AZUAY; SEVILLA DE ORO;PALMAS
07;13;52;EL ORO;ZARUMA;ARCAPAMBA
11;13;52;LOJA ;ZAPOTILLO;GARZAREAL
13;13;52;MANABI;SANTA ANA;HONORATO VASQUEZ (CAB. EN VASQUEZ)
07;14;52;EL ORO;LAS LAJAS;EL PARAISO 
09;14;52;GUAYAS;PEDRO CARBO;SABANILLA
11;14;52;LOJA ; PINDAL;12 DE DICIEMBRE (CAB.EN ACHIOTES)
11;15;52;LOJA ;QUILANGA;SAN ANTONIO DE LAS ARADAS (CAB. EN LAS ARADAS)
13;15;52;MANABI; TOSAGUA;ANGEL PEDRO GILER (LA ESTANCILLA)
13;16;52;MANABI;24 DE MAYO;NOBOA
13;17;52;MANABI; PEDERNALES;10 DE AGOSTO
09;19;52;GUAYAS;SALITRE (URBINA JADO);LA VICTORIA (ÑAUZA)
13;19;52;MANABI;PUERTO LOPEZ;SALANGO
01;01;53;AZUAY;CUENCA;CHAUCHA
02;01;53;BOLIVAR; GUARANDA;JULIO E. MORENO (CATANAHUAN GRANDE)
03;01;53; CAÑAR;AZOGUES;GUAPAN
04;01;53;CARCHI; TULCAN;JULIO ANDRADE (OREJUELA) 
05;01;53; COTOPAXI;LATACUNGA;GUAITACAMA (GUAYTACAMA) 
06;01;53;CHIMBORAZO;RIOBAMBA;CUBIJIES
08;01;53;ESMERALDAS; ESMERALDAS;CRNEL. CARLOS CONCHA TORRES (CAB.EN HUELE)
09;01;53;GUAYAS; GUAYAQUIL;MORRO
10;01;53;IMBABURA; IBARRA;CAROLINA
11;01;53;LOJA ; LOJA;EL CISNE
12;01;53;LOS RIOS;BABAHOYO;FEBRES CORDERO (LAS JUNTAS) (CAB. EN MATA DE CACAO)
13;01;53;MANABI;PORTOVIEJO;CRUCITA
14;01;53; MORONA SANTIAGO;MORONA;GENERAL PROAÑO
15;01;53; NAPO;TENA;CHONTAPUNTA
17;01;53;PICHINCHA;QUITO;ATAHUALPA (HABASPAMBA) 
18;01;53;TUNGURAHUA;AMBATO;AUGUSTO N. MARTINEZ (MUNDUGLEO)
19;01;53; ZAMORA CHINCHIPE;ZAMORA;IMBANA (LA VICTORIA DE IMBANA)
21;01;53;SUCUMBIOS; LAGO AGRIO;GENERAL FARFAN
22;01;53; ORELLANA;ORELLANA;ALEJANDRO LABAKA
23;01;53;SANTO DOMINGO DE LOS TSACHILAS;SANTO DOMINGO;LUZ DE AMERICA 
24;01;53;SANTA ELENA; SANTA ELENA;CHANDUY
03;02;53; CAÑAR; BIBLIAN;TURUPAMBA
04;02;53;CARCHI; BOLIVAR;MONTE OLIVO
06;02;53;CHIMBORAZO;ALAUSI;GUASUNTOS
08;02;53;ESMERALDAS;ELOY ALFARO;BORBON
10;02;53;IMBABURA;ANTONIO ANTE;SAN JOSE DE CHALTURA
11;02;53;LOJA ;CALVAS;UTUANA
14;02;53; MORONA SANTIAGO; GUALAQUIZA;BOMBOIZA
17;02;53;PICHINCHA;CAYAMBE;OLMEDO (PESILLO)
18;02;53;TUNGURAHUA;BAÑOS DE AGUA SANTA;RIO VERDE
22;02;53; ORELLANA;AGUARICO;SANTA MARIA DE HUIRIRIMA
01;03;53;AZUAY;GUALACEO;JADAN
02;03;53;BOLIVAR; CHIMBO;MAGDALENA (CHAPACOTO)
03;03;53; CAÑAR;CAÑAR;GENERAL MORALES (SOCARTE) 
04;03;53;CARCHI; ESPEJO;SAN ISIDRO
05;03;53; COTOPAXI;PANGUA;RAMON CAMPAÑA
06;03;53;CHIMBORAZO; COLTA;JUAN DE VELASCO (PANGOR)
07;03;53;EL ORO;ATAHUALPA;MILAGRO
08;03;53;ESMERALDAS;MUISNE;GALERA
10;03;53;IMBABURA;COTACACHI;IMANTAG
11;03;53;LOJA ;CATAMAYO;SAN PEDRO DE LA BENDITA
13;03;53;MANABI;CHONE;CONVENTO
14;03;53; MORONA SANTIAGO;LIMON INDANZA;SAN ANTONIO (CAB. EN SAN ANTONIO CENTRO
17;03;53;PICHINCHA; MEJIA;CUTUGLAHUA
21;03;53;SUCUMBIOS; PUTUMAYO;PUERTO RODRIGUEZ
22;03;53; ORELLANA; LA JOYA DE LOS SACHAS;SAN CARLOS
01;04;53;AZUAY; NABON;LAS NIEVES (CHAYA)
04;04;53;CARCHI; MIRA;JUAN MONTALVO (SAN IGNACIO DE QUIL)
05;04;53; COTOPAXI; PUJILI;GUANGAJE
08;04;53;ESMERALDAS;QUININDE;MALIMPIA
10;04;53;IMBABURA;OTAVALO;GONZALEZ SUAREZ
15;04;53; NAPO;EL CHACO;OYACACHI
17;04;53;PICHINCHA; PEDRO MONCAYO;TOCACHI
21;04;53;SUCUMBIOS;SHUSHUFINDI;SAN ROQUE (CAB. EN SAN VICENTE)
22;04;53; ORELLANA; LORETO;SAN JOSE DE PAYAMINO
01;05;53;AZUAY;PAUTE;CHICAN (GUILLERMO ORTEGA) 
02;05;53;BOLIVAR;SAN MIGUEL;REGULO DE MORA
04;05;53;CARCHI;MONTUFAR;FERNANDEZ SALVADOR
05;05;53; COTOPAXI; SALCEDO;MULALILLO
06;05;53;CHIMBORAZO;CHUNCHI;GONZOL
08;05;53;ESMERALDAS;SAN LORENZO;CALDERON
10;05;53;IMBABURA;PIMAMPIRO;SAN FRANCISCO DE SIGSIPAMBA
11;05;53;LOJA ;CHAGUARPAMBA;SANTA RUFINA
12;05;53;LOS RIOS;QUEVEDO;SAN CARLOS
14;05;53; MORONA SANTIAGO;SANTIAGO;PATUCA
18;05;53;TUNGURAHUA; PATATE;SUCRE (CAB. EN SUCRE-PATATE URCU)
19;05;53; ZAMORA CHINCHIPE; YANTZAZA (YANZATZA);LOS ENCUENTROS
21;05;53;SUCUMBIOS; SUCUMBIOS;ROSA FLORIDA
05;06;53; COTOPAXI;SAQUISILI;COCHAPAMBA
07;06;53;EL ORO;EL GUABO;TENDALES (CAB.EN PUERTO TENDALES)
08;06;53;ESMERALDAS;ATACAMES;TONCHIGÃœE
09;06;53;GUAYAS;DAULE;LAUREL
10;06;53;IMBABURA;SAN MIGUEL DE URCUQUI;PABLO ARENAS
11;06;53;LOJA ; ESPINDOLA;SANTA TERESITA
13;06;53;MANABI; JIPIJAPA;JULCUY
19;06;53; ZAMORA CHINCHIPE; EL PANGUI;TUNDAYME
05;07;53; COTOPAXI;SIGCHOS;LAS PAMPAS
06;07;53;CHIMBORAZO;GUANO;LA PROVIDENCIA
08;07;53;ESMERALDAS;RIOVERDE;LAGARTO
11;07;53;LOJA ; GONZANAMA;NAMBACOLA
15;07;53; NAPO;QUIJOS;PAPALLACTA
18;07;53;TUNGURAHUA;SAN PEDRO DE PELILEO;COTALO
01;08;53;AZUAY; SANTA ISABEL;ZHAGLLI (SHAGLLI)
11;08;53;LOJA ;MACARA;SABIANGO (LA CAPILLA)
14;08;53; MORONA SANTIAGO;SAN JUAN BOSCO ;SAN JACINTO DE WAKAMBEIS 
18;08;53;TUNGURAHUA;SANTIAGO DE PILLARO;MARCOS ESPINEL (CHACATA) 
19;08;53; ZAMORA CHINCHIPE;PALANDA;VALLADOLID
01;09;53;AZUAY; SIGSIG;GUEL
06;09;53;CHIMBORAZO; PENIPE;PUELA
07;09;53;EL ORO;PASAJE;LA PEAÑA
14;09;53; MORONA SANTIAGO;TAISHA ;TUUTINENTZA 
07;10;53;EL ORO;PIÑAS;MOROMORO (CAB. EN EL VADO)
09;10;53;GUAYAS; MILAGRO;MARISCAL SUCRE (HUAQUES)
11;10;53;LOJA ; PUYANGO;EL LIMO (MARIANA DE JESUS)
13;10;53;MANABI;PAJAN;GUALE
01;11;53;AZUAY;CHORDELEG;LUIS GALARZA ORELLANA (CAB.EN DELEGSOL) 
07;11;53;EL ORO;PORTOVELO;SALATI
09;11;53;GUAYAS;NARANJAL;SANTA ROSA DE FLANDES
11;11;53;LOJA ;SARAGURO;LLUZHAPA
01;12;53;AZUAY; EL PAN;SAN VICENTE
07;12;53;EL ORO;SANTA ROSA;LA AVANZADA
07;13;53;EL ORO;ZARUMA;GUANAZAN
11;13;53;LOJA ;ZAPOTILLO;LIMONES
13;13;53;MANABI;SANTA ANA;LA UNION
07;14;53;EL ORO;LAS LAJAS;SAN ISIDRO
13;14;53;MANABI; SUCRE;CHARAPOTO
13;16;53;MANABI;24 DE MAYO;ARQ. SIXTO DURAN BALLEN
13;17;53;MANABI; PEDERNALES;ATAHUALPA
09;19;53;GUAYAS;SALITRE (URBINA JADO);JUNQUILLAL
09;20;53;GUAYAS;SAN JACINTO DE YAGUACHI;GRAL. PEDRO J. MONTERO (BOLICHE) 
01;01;54;AZUAY;CUENCA;CHECA (JIDCAY) 
03;01;54; CAÑAR;AZOGUES;JAVIER LOYOLA (CHUQUIPATA) 
04;01;54;CARCHI; TULCAN;MALDONADO
05;01;54; COTOPAXI;LATACUNGA;JOSEGUANGO BAJO
06;01;54;CHIMBORAZO;RIOBAMBA;FLORES
08;01;54;ESMERALDAS; ESMERALDAS;CHINCA
10;01;54;IMBABURA; IBARRA;LA ESPERANZA
11;01;54;LOJA ; LOJA;GUALEL
12;01;54;LOS RIOS;BABAHOYO;PIMOCHA
13;01;54;MANABI;PORTOVIEJO;PUEBLO NUEVO
15;01;54; NAPO;TENA;PANO
16;01;54; PASTAZA;PASTAZA;DIEZ  DE AGOSTO
17;01;54;PICHINCHA;QUITO;CALACALI
18;01;54;TUNGURAHUA;AMBATO;CONSTANTINO FERNANDEZ (CAB. EN CULLITAHUA)
22;01;54; ORELLANA;ORELLANA;EL DORADO
23;01;54;SANTO DOMINGO DE LOS TSACHILAS;SANTO DOMINGO;SAN JACINTO DEL BUA
24;01;54;SANTA ELENA; SANTA ELENA;MANGLARALTO
03;02;54; CAÑAR; BIBLIAN;JERUSALEN
04;02;54;CARCHI; BOLIVAR;SAN VICENTE DE PUSIR
06;02;54;CHIMBORAZO;ALAUSI;HUIGRA
07;02;54;EL ORO;ARENILLAS;PALMALES
08;02;54;ESMERALDAS;ELOY ALFARO;LA TOLA
10;02;54;IMBABURA;ANTONIO ANTE;SAN ROQUE
11;02;54;LOJA ;CALVAS;SANGUILLIN
14;02;54; MORONA SANTIAGO; GUALAQUIZA;CHIGÃœINDA
17;02;54;PICHINCHA;CAYAMBE;OTON
18;02;54;TUNGURAHUA;BAÑOS DE AGUA SANTA;ULBA
19;02;54; ZAMORA CHINCHIPE; CHINCHIPE;LA CHONTA
21;02;54;SUCUMBIOS; GONZALO PIZARRO;PUERTO LIBRE
22;02;54; ORELLANA;AGUARICO;TIPUTINI
01;03;54;AZUAY;GUALACEO;MARIANO MORENO
02;03;54;BOLIVAR; CHIMBO;SAN SEBASTIAN
03;03;54; CAÑAR;CAÑAR;GUALLETURO
06;03;54;CHIMBORAZO; COLTA;SANTIAGO DE QUITO (CAB. EN SAN ANTONIO DE QUITO)
07;03;54;EL ORO;ATAHUALPA;SAN JOSE
08;03;54;ESMERALDAS;MUISNE;QUINGUE (OLMEDO PERDOMO FRANCO) 
10;03;54;IMBABURA;COTACACHI;PEÑAHERRERA
11;03;54;LOJA ;CATAMAYO;ZAMBI
13;03;54;MANABI;CHONE;CHIBUNGA
15;03;54; NAPO;ARCHIDONA;SAN PABLO DE USHPAYACU
17;03;54;PICHINCHA; MEJIA;EL CHAUPI
21;03;54;SUCUMBIOS; PUTUMAYO;SANTA ELENA
22;03;54; ORELLANA; LA JOYA DE LOS SACHAS;SAN SEBASTIAN DEL COCA
08;04;54;ESMERALDAS;QUININDE;VICHE
10;04;54;IMBABURA;OTAVALO;PATAQUI
14;04;54; MORONA SANTIAGO;PALORA;SANGAY (CAB. EN NAYAMANACA)
15;04;54; NAPO;EL CHACO;SANTA ROSA
17;04;54;PICHINCHA; PEDRO MONCAYO;TUPIGACHI
21;04;54;SUCUMBIOS;SHUSHUFINDI;SAN PEDRO DE LOS COFANES
22;04;54; ORELLANA; LORETO;SAN JOSE DE DAHUANO
01;05;54;AZUAY;PAUTE;EL CABO  
02;05;54;BOLIVAR;SAN MIGUEL;SAN PABLO  (SAN PABLO DE ATENAS)
04;05;54;CARCHI;MONTUFAR;LA PAZ
05;05;54; COTOPAXI; SALCEDO;MULLIQUINDIL (SANTA ANA)
06;05;54;CHIMBORAZO;CHUNCHI;LLAGOS
08;05;54;ESMERALDAS;SAN LORENZO;CARONDELET
11;05;54;LOJA ;CHAGUARPAMBA;AMARILLOS
14;05;54; MORONA SANTIAGO;SANTIAGO;SAN LUIS DE EL ACHO (CAB. EN EL ACHO) 
21;05;54;SUCUMBIOS; SUCUMBIOS;SANTA BARBARA
07;06;54;EL ORO;EL GUABO;RIO BONITO
08;06;54;ESMERALDAS;ATACAMES;TONSUPA
09;06;54;GUAYAS;DAULE;LIMONAL
10;06;54;IMBABURA;SAN MIGUEL DE URCUQUI;SAN BLAS
11;06;54;LOJA ; ESPINDOLA;27 DE ABRIL (CAB. EN LA NARANJA)
13;06;54;MANABI; JIPIJAPA;LA UNION
05;07;54; COTOPAXI;SIGCHOS;PALO QUEMADO
06;07;54;CHIMBORAZO;GUANO;SAN ANDRES
08;07;54;ESMERALDAS;RIOVERDE;MONTALVO (CAB. EN HORQUETA) 
11;07;54;LOJA ; GONZANAMA;PURUNUMA (EGUIGUREN) 
15;07;54; NAPO;QUIJOS;SAN FRANCISCO DE BORJA (VIRGILIO DAVILA)
18;07;54;TUNGURAHUA;SAN PEDRO DE PELILEO;CHIQUICHA (CAB. EN CHIQUICHA GRANDE)
14;08;54; MORONA SANTIAGO;SAN JUAN BOSCO ;SANTIAGO DE PANANZA
18;08;54;TUNGURAHUA;SANTIAGO DE PILLARO;PRESIDENTE URBINA (CHAGRAPAMBA -PATZUCUL)
19;08;54; ZAMORA CHINCHIPE;PALANDA;LA CANELA
01;09;54;AZUAY; SIGSIG;LUDO
06;09;54;CHIMBORAZO; PENIPE;SAN ANTONIO DE BAYUSHIG
07;09;54;EL ORO;PASAJE;PROGRESO
11;09;54;LOJA ;PALTAS;LAURO GUERRERO
14;09;54; MORONA SANTIAGO;TAISHA ;PUMPUENTSA
07;10;54;EL ORO;PIÑAS;PIEDRAS
09;10;54;GUAYAS; MILAGRO;ROBERTO ASTUDILLO (CAB. EN CRUCE DE VENECIA) 
11;10;54;LOJA ; PUYANGO;MERCADILLO
13;10;54;MANABI;PAJAN;LASCANO
01;11;54;AZUAY;CHORDELEG;SAN MARTIN DE PUZHIO
09;11;54;GUAYAS;NARANJAL;TAURA
11;11;54;LOJA ;SARAGURO;MANU
07;12;54;EL ORO;SANTA ROSA;SAN ANTONIO
07;13;54;EL ORO;ZARUMA;GUIZHAGUIÑA
11;13;54;LOJA ;ZAPOTILLO;PALETILLAS
01;01;55;AZUAY;CUENCA;CHIQUINTAD
02;01;55;BOLIVAR; GUARANDA;SALINAS
03;01;55; CAÑAR;AZOGUES;LUIS CORDERO
04;01;55;CARCHI; TULCAN;PIOTER
06;01;55;CHIMBORAZO;RIOBAMBA;LICAN
10;01;55;IMBABURA; IBARRA;LITA
11;01;55;LOJA ; LOJA;JIMBILLA
12;01;55;LOS RIOS;BABAHOYO;LA UNION
13;01;55;MANABI;PORTOVIEJO;RIOCHICO (RIO CHICO)
15;01;55; NAPO;TENA;PUERTO MISAHUALLI
16;01;55; PASTAZA;PASTAZA;FATIMA
17;01;55;PICHINCHA;QUITO;CALDERON (CARAPUNGO) 
18;01;55;TUNGURAHUA;AMBATO;HUACHI GRANDE
19;01;55; ZAMORA CHINCHIPE;ZAMORA;SABANILLA
21;01;55;SUCUMBIOS; LAGO AGRIO;EL ENO
22;01;55; ORELLANA;ORELLANA;EL EDEN
23;01;55;SANTO DOMINGO DE LOS TSACHILAS;SANTO DOMINGO;VALLE HERMOSO
24;01;55;SANTA ELENA; SANTA ELENA;SIMON BOLIVAR (JULIO MORENO)
04;02;55;CARCHI; BOLIVAR;SAN RAFAEL
06;02;55;CHIMBORAZO;ALAUSI;MULTITUD
07;02;55;EL ORO;ARENILLAS;CARCABON
08;02;55;ESMERALDAS;ELOY ALFARO;LUIS VARGAS TORRES (CAB. EN PLAYA DE ORO)
14;02;55; MORONA SANTIAGO; GUALAQUIZA;EL ROSARIO
17;02;55;PICHINCHA;CAYAMBE;SANTA ROSA DE CUZUBAMBA
22;02;55; ORELLANA;AGUARICO;YASUNI
02;03;55;BOLIVAR; CHIMBO;TELIMBELA
03;03;55; CAÑAR;CAÑAR;HONORATO VASQUEZ (TAMBO VIEJO) 
07;03;55;EL ORO;ATAHUALPA;SAN JUAN DE CERRO AZUL
08;03;55;ESMERALDAS;MUISNE;SALIMA
10;03;55;IMBABURA;COTACACHI;PLAZA GUTIERREZ
13;03;55;MANABI;CHONE;ELOY ALFARO
17;03;55;PICHINCHA; MEJIA;MANUEL CORNEJO ASTORGA (TANDAPI)
22;03;55; ORELLANA; LA JOYA DE LOS SACHAS;LAGO SAN PEDRO
05;04;55; COTOPAXI; PUJILI;LA VICTORIA
08;04;55;ESMERALDAS;QUININDE;LA UNION
10;04;55;IMBABURA;OTAVALO;SAN JOSE DE QUICHINCHE 
11;04;55;LOJA ;CELICA;POZUL (SAN JUAN DE POZUL)
14;04;55; MORONA SANTIAGO;PALORA;16 DE AGOSTO
15;04;55; NAPO;EL CHACO;SARDINAS
21;04;55;SUCUMBIOS;SHUSHUFINDI;SIETE DE JULIO
22;04;55; ORELLANA; LORETO;SAN VICENTE DE HUATICOCHA
02;05;55;BOLIVAR;SAN MIGUEL;SANTIAGO
04;05;55;CARCHI;MONTUFAR;PIARTAL
05;05;55; COTOPAXI; SALCEDO;PANSALEO
08;05;55;ESMERALDAS;SAN LORENZO;5 DE JUNIO (CAB. EN UIMBI)
12;05;55;LOS RIOS;QUEVEDO;LA ESPERANZA
10;06;55;IMBABURA;SAN MIGUEL DE URCUQUI;TUMBABIRO
11;06;55;LOJA ; ESPINDOLA;EL INGENIO
14;06;55; MORONA SANTIAGO;SUCUA;SANTA MARIANITA DE JESUS
06;07;55;CHIMBORAZO;GUANO;SAN GERARDO DE PACAICAGUAN
08;07;55;ESMERALDAS;RIOVERDE;ROCAFUERTE
18;07;55;TUNGURAHUA;SAN PEDRO DE PELILEO;EL ROSARIO (RUMICHACA)
18;08;55;TUNGURAHUA;SANTIAGO DE PILLARO;SAN ANDRES
01;09;55;AZUAY; SIGSIG;SAN BARTOLOME
06;09;55;CHIMBORAZO; PENIPE;LA CANDELARIA
07;09;55;EL ORO;PASAJE;UZHCURRUMI
07;10;55;EL ORO;PIÑAS;SAN ROQUE (AMBROSIO MALDONADO)
11;10;55;LOJA ; PUYANGO;VICENTINO
11;11;55;LOJA ;SARAGURO;SAN ANTONIO DE QUMBE (CUMBE)
07;12;55;EL ORO;SANTA ROSA;TORATA
07;13;55;EL ORO;ZARUMA;HUERTAS
11;13;55;LOJA ;ZAPOTILLO;BOLASPAMBA
13;13;55;MANABI;SANTA ANA;SAN PABLO (CAB. EN PUEBLO NUEVO)
09;20;55;GUAYAS;SAN JACINTO DE YAGUACHI;YAGUACHI VIEJO (CONE)
01;01;56;AZUAY;CUENCA;LLACAO
02;01;56;BOLIVAR; GUARANDA;SAN LORENZO
03;01;56; CAÑAR;AZOGUES;PINDILIG
04;01;56;CARCHI; TULCAN;TOBAR DONOSO (LA BOCANA DE CAMUMBI) 
05;01;56; COTOPAXI;LATACUNGA;MULALO
06;01;56;CHIMBORAZO;RIOBAMBA;LICTO
09;01;56;GUAYAS; GUAYAQUIL;POSORJA
10;01;56;IMBABURA; IBARRA;SALINAS
11;01;56;LOJA ; LOJA;MALACATOS (VALLADOLID) 
13;01;56;MANABI;PORTOVIEJO;SAN PLACIDO
14;01;56; MORONA SANTIAGO;MORONA;SAN ISIDRO
15;01;56; NAPO;TENA;PUERTO NAPO
16;01;56; PASTAZA;PASTAZA;MONTALVO (ANDOAS) 
17;01;56;PICHINCHA;QUITO;CONOCOTO
18;01;56;TUNGURAHUA;AMBATO;IZAMBA
19;01;56; ZAMORA CHINCHIPE;ZAMORA;TIMBARA
21;01;56;SUCUMBIOS; LAGO AGRIO;PACAYACU
22;01;56; ORELLANA;ORELLANA;GARCIA MORENO
23;01;56;SANTO DOMINGO DE LOS TSACHILAS;SANTO DOMINGO;EL ESFUERZO
24;01;56;SANTA ELENA; SANTA ELENA;SAN JOSE DE ANCON
06;02;56;CHIMBORAZO;ALAUSI;PISTISHI (NARIZ DEL DIABLO)
08;02;56;ESMERALDAS;ELOY ALFARO;MALDONADO
14;02;56; MORONA SANTIAGO; GUALAQUIZA;NUEVA TARQUI
19;02;56; ZAMORA CHINCHIPE; CHINCHIPE;PUCAPAMBA
01;03;56;AZUAY;GUALACEO;REMIGIO CRESPO TORAL (GULAG)
03;03;56; CAÑAR;CAÑAR;INGAPIRCA
08;03;56;ESMERALDAS;MUISNE;SAN FRANCISCO
10;03;56;IMBABURA;COTACACHI;QUIROGA
13;03;56;MANABI;CHONE;RICAURTE
14;03;56; MORONA SANTIAGO;LIMON INDANZA;SAN MIGUEL DE CONCHAY
17;03;56;PICHINCHA; MEJIA;TAMBILLO
22;03;56; ORELLANA; LA JOYA DE LOS SACHAS;RUMIPAMBA
05;04;56; COTOPAXI; PUJILI;PILALO
10;04;56;IMBABURA;OTAVALO;SAN JUAN DE ILUMAN
11;04;56;LOJA ;CELICA;SABANILLA
01;05;56;AZUAY;PAUTE;GUARAINAG
02;05;56;BOLIVAR;SAN MIGUEL;SAN VICENTE
08;05;56;ESMERALDAS;SAN LORENZO;CONCEPCION
14;05;56; MORONA SANTIAGO;SANTIAGO;TAYUZA
09;06;56;GUAYAS;DAULE;LOS LOJAS (ENRIQUE BAQUERIZO MORENO)
11;06;56;LOJA ; ESPINDOLA;EL AIRO
13;06;56;MANABI; JIPIJAPA;MEMBRILLAL
06;07;56;CHIMBORAZO;GUANO;SAN ISIDRO DE PATULU
11;07;56;LOJA ; GONZANAMA;SACAPALCA
15;07;56; NAPO;QUIJOS;SUMACO
18;07;56;TUNGURAHUA;SAN PEDRO DE PELILEO;GARCIA MORENO (CHUMAQUI)
18;08;56;TUNGURAHUA;SANTIAGO DE PILLARO;SAN JOSE DE POALO
01;09;56;AZUAY; SIGSIG;SAN JOSE DE RARANGA
06;09;56;CHIMBORAZO; PENIPE;BILBAO (CAB.EN QUILLUYACU)
07;09;56;EL ORO;PASAJE;CAÑAQUEMADA 
11;09;56;LOJA ;PALTAS;ORIANGA
07;10;56;EL ORO;PIÑAS;SARACAY
11;11;56;LOJA ;SARAGURO;SAN PABLO DE TENTA
07;12;56;EL ORO;SANTA ROSA;VICTORIA
07;13;56;EL ORO;ZARUMA;MALVAS
09;20;56;GUAYAS;SAN JACINTO DE YAGUACHI;VIRGEN DE FATIMA
01;01;57;AZUAY;CUENCA;MOLLETURO
02;01;57;BOLIVAR; GUARANDA;SAN SIMON (YACOTO)
03;01;57; CAÑAR;AZOGUES;RIVERA
04;01;57;CARCHI; TULCAN;TUFIÑO
05;01;57; COTOPAXI;LATACUNGA;11 DE NOVIEMBRE (ILINCHISI)
06;01;57;CHIMBORAZO;RIOBAMBA;PUNGALA
09;01;57;GUAYAS; GUAYAQUIL;PUNA
10;01;57;IMBABURA; IBARRA;SAN ANTONIO
11;01;57;LOJA ; LOJA;SAN LUCAS
13;01;57;MANABI;PORTOVIEJO;CHIRIJOS
14;01;57; MORONA SANTIAGO;MORONA;SEVILLA DON BOSCO
15;01;57; NAPO;TENA;TALAG
16;01;57; PASTAZA;PASTAZA;POMONA
17;01;57;PICHINCHA;QUITO;CUMBAYA
18;01;57;TUNGURAHUA;AMBATO;JUAN BENIGNO VELA
21;01;57;SUCUMBIOS; LAGO AGRIO;JAMBELI
22;01;57; ORELLANA;ORELLANA;INES ARANGO (CAB. EN WESTERN)
23;01;57;SANTO DOMINGO DE LOS TSACHILAS;SANTO DOMINGO;SANTA MARIA DEL TOACHI
06;02;57;CHIMBORAZO;ALAUSI;PUMALLACTA
08;02;57;ESMERALDAS;ELOY ALFARO;PAMPANAL DE BOLIVAR     
14;02;57; MORONA SANTIAGO; GUALAQUIZA;SAN MIGUEL DE CUYES
01;03;57;AZUAY;GUALACEO;SAN JUAN
03;03;57; CAÑAR;CAÑAR;JUNCAL
08;03;57;ESMERALDAS;MUISNE;SAN GREGORIO
10;03;57;IMBABURA;COTACACHI;6 DE JULIO DE CUELLAJE (CAB. EN CUELLAJE)
13;03;57;MANABI;CHONE;SAN ANTONIO
14;03;57; MORONA SANTIAGO;LIMON INDANZA;SANTA SUSANA DE CHIVIAZA (CAB. EN CHIVIAZA)
17;03;57;PICHINCHA; MEJIA;UYUMBICHO
22;03;57; ORELLANA; LA JOYA DE LOS SACHAS;TRES DE NOVIEMBRE
05;04;57; COTOPAXI; PUJILI;TINGO
10;04;57;IMBABURA;OTAVALO;SAN PABLO
11;04;57;LOJA ;CELICA;TNTE. MAXIMILIANO RODRIGUEZ LOAIZA 
08;05;57;ESMERALDAS;SAN LORENZO;MATAJE (CAB. EN SANTANDER)
14;05;57; MORONA SANTIAGO;SANTIAGO;SAN FRANCISCO DE CHINIMBIMI
13;06;57;MANABI; JIPIJAPA;PEDRO PABLO GOMEZ
06;07;57;CHIMBORAZO;GUANO;SAN JOSE DEL CHAZO
18;07;57;TUNGURAHUA;SAN PEDRO DE PELILEO;GUAMBALO (HUAMBALO)
18;08;57;TUNGURAHUA;SANTIAGO DE PILLARO;SAN MIGUELITO
11;09;57;LOJA ;PALTAS;SAN ANTONIO
11;11;57;LOJA ;SARAGURO;SAN SEBASTIAN DE YULUC
07;12;57;EL ORO;SANTA ROSA;BELLAMARIA
07;13;57;EL ORO;ZARUMA;MULUNCAY GRANDE
13;14;57;MANABI; SUCRE;SAN ISIDRO
01;01;58;AZUAY;CUENCA;NULTI
02;01;58;BOLIVAR; GUARANDA;SANTAFE (SANTA FE)
03;01;58; CAÑAR;AZOGUES;SAN MIGUEL
04;01;58;CARCHI; TULCAN;URBINA (TAYA)
05;01;58; COTOPAXI;LATACUNGA;POALO
06;01;58;CHIMBORAZO;RIOBAMBA;PUNIN
09;01;58;GUAYAS; GUAYAQUIL;TENGUEL
11;01;58;LOJA ; LOJA;SAN PEDRO DE VILCABAMBA
14;01;58; MORONA SANTIAGO;MORONA;SINAI
16;01;58; PASTAZA;PASTAZA;RIO CORRIENTES 
17;01;58;PICHINCHA;QUITO;CHAVEZPAMBA
18;01;58;TUNGURAHUA;AMBATO;MONTALVO
19;01;58; ZAMORA CHINCHIPE;ZAMORA;SAN CARLOS DE LAS MINAS
21;01;58;SUCUMBIOS; LAGO AGRIO;SANTA CECILIA
22;01;58; ORELLANA;ORELLANA;LA BELLEZA
06;02;58;CHIMBORAZO;ALAUSI;SEVILLA
08;02;58;ESMERALDAS;ELOY ALFARO;SAN FRANCISCO DE ONZOLE
14;02;58; MORONA SANTIAGO; GUALAQUIZA;EL IDEAL
01;03;58;AZUAY;GUALACEO;ZHIDMAD
03;03;58; CAÑAR;CAÑAR;SAN ANTONIO
08;03;58;ESMERALDAS;MUISNE;SAN JOSE DE CHAMANGA (CAB.EN CHAMANGA)
10;03;58;IMBABURA;COTACACHI;VACAS GALINDO (EL CHURO) (CAB.EN SAN MIGUEL ALTO)
14;03;58; MORONA SANTIAGO;LIMON INDANZA;YUNGANZA (CAB. EN EL ROSARIO)
22;03;58; ORELLANA; LA JOYA DE LOS SACHAS;UNION MILAGREÑA
05;04;58; COTOPAXI; PUJILI;ZUMBAHUA
10;04;58;IMBABURA;OTAVALO;SAN RAFAEL
08;05;58;ESMERALDAS;SAN LORENZO;SAN JAVIER DE CACHAVI (CAB. EN SAN JAVIER) 
13;06;58;MANABI; JIPIJAPA;PUERTO DE CAYO
06;07;58;CHIMBORAZO;GUANO;SANTA FE DE GALAN
18;07;58;TUNGURAHUA;SAN PEDRO DE PELILEO;SALASACA
11;09;58;LOJA ;PALTAS;CASANGA
11;11;58;LOJA ;SARAGURO;SELVA ALEGRE
07;13;58;EL ORO;ZARUMA;SINSAO
01;01;59;AZUAY;CUENCA;OCTAVIO CORDERO PALACIOS (SANTA ROSA) 
02;01;59;BOLIVAR; GUARANDA;SIMIATUG
04;01;59;CARCHI; TULCAN;EL CHICAL
05;01;59; COTOPAXI;LATACUNGA;SAN JUAN DE PASTOCALLE
06;01;59;CHIMBORAZO;RIOBAMBA;QUIMIAG
08;01;59;ESMERALDAS; ESMERALDAS;MAJUA
11;01;59;LOJA ; LOJA;SANTIAGO
16;01;59; PASTAZA;PASTAZA;RIO TIGRE
17;01;59;PICHINCHA;QUITO;CHECA (CHILPA) 
18;01;59;TUNGURAHUA;AMBATO;PASA
22;01;59; ORELLANA;ORELLANA;NUEVO PARAISO (CAB. EN UNIÃ“N CHIMBORAZO)
06;02;59;CHIMBORAZO;ALAUSI;SIBAMBE
08;02;59;ESMERALDAS;ELOY ALFARO;SANTO DOMINGO DE ONZOLE
19;02;59; ZAMORA CHINCHIPE; CHINCHIPE;SAN ANDRES
01;03;59;AZUAY;GUALACEO;LUIS CORDERO VEGA
10;04;59;IMBABURA;OTAVALO;SELVA ALEGRE (CAB.EN SAN MIGUEL DE PAMPLONA)
01;05;59;AZUAY;PAUTE;SAN CRISTOBAL (CARLOS ORDOÑEZ LAZO) 
08;05;59;ESMERALDAS;SAN LORENZO;SANTA RITA
06;07;59;CHIMBORAZO;GUANO;VALPARAISO
11;09;59;LOJA ;PALTAS;YAMANA
11;11;59;LOJA ;SARAGURO;URDANETA (PAQUISHAPA)
07;13;59;EL ORO;ZARUMA;SALVIAS
01;01;60;AZUAY;CUENCA;PACCHA
02;01;60;BOLIVAR; GUARANDA;SAN LUIS DE PAMBIL
03;01;60; CAÑAR;AZOGUES;TADAY
06;01;60;CHIMBORAZO;RIOBAMBA;SAN JUAN
11;01;60;LOJA ; LOJA;TAQUIL (MIGUEL RIOFRIO)
14;01;60; MORONA SANTIAGO;MORONA;ZUÑA (ZUÑAC)
17;01;60;PICHINCHA;QUITO;EL QUINCHE
18;01;60;TUNGURAHUA;AMBATO;PICAIGUA
22;01;60; ORELLANA;ORELLANA;SAN JOSE DE GUAYUSA
06;02;60;CHIMBORAZO;ALAUSI;TIXAN
08;02;60;ESMERALDAS;ELOY ALFARO;SELVA ALEGRE
01;03;60;AZUAY;GUALACEO;SIMON BOLIVAR (CAB. EN GAÑANZOL)
08;05;60;ESMERALDAS;SAN LORENZO;TAMBILLO
11;11;60;LOJA ;SARAGURO;SUMAYPAMBA
01;01;61;AZUAY;CUENCA;QUINGEO
04;01;61;CARCHI; TULCAN;SANTA MARTHA DE CUBA
05;01;61; COTOPAXI;LATACUNGA;TANICUCHI
06;01;61;CHIMBORAZO;RIOBAMBA;SAN LUIS
11;01;61;LOJA ; LOJA;VILCABAMBA  (VICTORIA)
16;01;61; PASTAZA;PASTAZA;SARAYACU
17;01;61;PICHINCHA;QUITO;GUALEA
18;01;61;TUNGURAHUA;AMBATO;PILAGÃœIN (PILAHÃœIN)
22;01;61; ORELLANA;ORELLANA;SAN LUIS DE ARMENIA
08;02;61;ESMERALDAS;ELOY ALFARO;TELEMBI
03;03;61; CAÑAR;CAÑAR;ZHUD
01;05;61;AZUAY;PAUTE;TOMEBAMBA
08;05;61;ESMERALDAS;SAN LORENZO;TULULBI (CAB. EN RICAURTE)
01;01;62;AZUAY;CUENCA;RICAURTE
05;01;62; COTOPAXI;LATACUNGA;TOACASO
11;01;62;LOJA ; LOJA;YANGANA (ARSENIO CASTILLO)
14;01;62; MORONA SANTIAGO;MORONA;CUCHAENTZA
16;01;62; PASTAZA;PASTAZA;SIMON BOLIVAR  (CAB. EN MUSHULLACTA)
17;01;62;PICHINCHA;QUITO;GUANGOPOLO
18;01;62;TUNGURAHUA;AMBATO;QUISAPINCHA (QUIZAPINCHA)
08;02;62;ESMERALDAS;ELOY ALFARO;COLON ELOY DEL MARIA
03;03;62; CAÑAR;CAÑAR;VENTURA
01;05;62;AZUAY;PAUTE;DUG DUG
08;05;62;ESMERALDAS;SAN LORENZO;URBINA
01;01;63;AZUAY;CUENCA;SAN JOAQUIN
08;01;63;ESMERALDAS; ESMERALDAS;SAN MATEO
11;01;63;LOJA ; LOJA;QUINARA
16;01;63; PASTAZA;PASTAZA;TARQUI
17;01;63;PICHINCHA;QUITO;GUAYLLABAMBA
18;01;63;TUNGURAHUA;AMBATO;SAN BARTOLOME DE PINLLOG
08;02;63;ESMERALDAS;ELOY ALFARO;SAN JOSE DE CAYAPAS
03;03;63; CAÑAR;CAÑAR;DUCUR
01;01;64;AZUAY;CUENCA;SANTA ANA
14;01;64; MORONA SANTIAGO;MORONA;RIO BLANCO
16;01;64; PASTAZA;PASTAZA;TENIENTE HUGO ORTIZ
17;01;64;PICHINCHA;QUITO;LA MERCED
18;01;64;TUNGURAHUA;AMBATO;SAN FERNANDO (PASA SAN FERNANDO)
08;02;64;ESMERALDAS;ELOY ALFARO;TIMBIRE  
01;01;65;AZUAY;CUENCA;SAYAUSI
08;01;65;ESMERALDAS; ESMERALDAS;TABIAZO
16;01;65; PASTAZA;PASTAZA;VERACRUZ (INDILLAMA) (CAB. EN INDILLAMA)
17;01;65;PICHINCHA;QUITO;LLANO CHICO
18;01;65;TUNGURAHUA;AMBATO;SANTA ROSA
01;01;66;AZUAY;CUENCA;SIDCAY
08;01;66;ESMERALDAS; ESMERALDAS;TACHINA
16;01;66; PASTAZA;PASTAZA;EL TRIUNFO
17;01;66;PICHINCHA;QUITO;LLOA
18;01;66;TUNGURAHUA;AMBATO;TOTORAS
01;01;67;AZUAY;CUENCA;SININCAY
18;01;67;TUNGURAHUA;AMBATO;CUNCHIBAMBA
01;01;68;AZUAY;CUENCA;TARQUI
08;01;68;ESMERALDAS; ESMERALDAS;VUELTA LARGA
17;01;68;PICHINCHA;QUITO;NANEGAL
18;01;68;TUNGURAHUA;AMBATO;UNAMUNCHO
01;01;69;AZUAY;CUENCA;TURI
17;01;69;PICHINCHA;QUITO;NANEGALITO
01;01;70;AZUAY;CUENCA;VALLE
17;01;70;PICHINCHA;QUITO;NAYON
01;01;71;AZUAY;CUENCA;VICTORIA DEL PORTETE (IRQUIS)
17;01;71;PICHINCHA;QUITO;NONO
17;01;72;PICHINCHA;QUITO;PACTO
17;01;74;PICHINCHA;QUITO;PERUCHO
17;01;75;PICHINCHA;QUITO;PIFO
17;01;76;PICHINCHA;QUITO;PINTAG
17;01;77;PICHINCHA;QUITO;POMASQUI
17;01;78;PICHINCHA;QUITO;PUELLARO
17;01;79;PICHINCHA;QUITO;PUEMBO
17;01;80;PICHINCHA;QUITO;SAN ANTONIO
17;01;81;PICHINCHA;QUITO;SAN JOSE DE MINAS
17;01;83;PICHINCHA;QUITO;TABABELA
17;01;84;PICHINCHA;QUITO;TUMBACO
17;01;85;PICHINCHA;QUITO;YARUQUI
17;01;86;PICHINCHA;QUITO;ZAMBIZA